{
    "rmse": 1.1145751131903965,
    "mae": 0.9672823473900292,
    "r2": 0.706204758183992
}