{
    "rmse": 0.9733301847910816,
    "mae": 0.821818608550672,
    "r2": 0.7613113381081322
}