{
    "rmse": 0.9283238477317601,
    "mae": 0.7824665836010302,
    "r2": 0.796190187754868
}