{
    "rmse": 0.9734800618794871,
    "mae": 0.8225577401947544,
    "r2": 0.7612378240703591
}