{
    "rmse": 0.9278633520453773,
    "mae": 0.7816151258234172,
    "r2": 0.7963923376006447
}