{
    "rmse": 1.134160838176361,
    "mae": 0.9849930392008346,
    "r2": 0.6759136790752989
}