{
    "rmse": 0.9734162584510662,
    "mae": 0.8221116244170791,
    "r2": 0.7612691207486844
}